pins,mask,primary,tags,name
1,1,single_pin,single_pin,1 Pin
2,2,single_pin,single_pin,2 Pin
1-2,3,washout,washout,
3,4,single_pin,single_pin,3 Pin
1-3,5,washout,washout,
2-3,6,split,split,
1-2-3,7,washout,washout,
4,8,single_pin,single_pin,4 Pin
1-4,9,washout,washout,
2-4,10,other,other,
1-2-4,11,washout,washout,
3-4,12,big_split,big_split+split,
1-3-4,13,washout,washout,
2-3-4,14,split,split,
1-2-3-4,15,washout,washout,
5,16,single_pin,single_pin,5 Pin
1-5,17,sleeper,sleeper,Sleeper
2-5,18,other,other,
1-2-5,19,washout,washout,
3-5,20,other,other,
1-3-5,21,washout,washout,
2-3-5,22,split,split,
1-2-3-5,23,washout,washout,
4-5,24,split,split,
1-4-5,25,washout,washout,
2-4-5,26,cluster,cluster,
1-2-4-5,27,washout,washout,
3-4-5,28,split,split,
1-3-4-5,29,washout,washout,
2-3-4-5,30,split,split,
1-2-3-4-5,31,washout,washout,
6,32,single_pin,single_pin,6 Pin
1-6,33,washout,washout,
2-6,34,big_split,big_split+split,
1-2-6,35,washout,washout,
3-6,36,other,other,
1-3-6,37,washout,washout,
2-3-6,38,split,split,
1-2-3-6,39,washout,washout,
4-6,40,big_split,big_split+split,
1-4-6,41,washout,washout,
2-4-6,42,big_split,big_split+split,
1-2-4-6,43,washout,washout,
3-4-6,44,big_split,big_split+split,
1-3-4-6,45,washout,washout,
2-3-4-6,46,split,split,
1-2-3-4-6,47,washout,washout,
5-6,48,split,split,
1-5-6,49,washout,washout,
2-5-6,50,split,split,
1-2-5-6,51,washout,washout,
3-5-6,52,cluster,cluster,
1-3-5-6,53,washout,washout,
2-3-5-6,54,split,split,
1-2-3-5-6,55,washout,washout,
4-5-6,56,split,split,
1-4-5-6,57,washout,washout,
2-4-5-6,58,split,split,
1-2-4-5-6,59,washout,washout,
3-4-5-6,60,split,split,
1-3-4-5-6,61,washout,washout,
2-3-4-5-6,62,split,split,
1-2-3-4-5-6,63,washout,washout,
7,64,corner_pin,corner_pin+single_pin,7 Pin
1-7,65,washout,washout,
2-7,66,baby_split,baby_split+split,Baby Split
1-2-7,67,washout,washout,
3-7,68,big_split,big_split+split,
1-3-7,69,washout,washout,
2-3-7,70,big_split,big_split+split,
1-2-3-7,71,washout,washout,
4-7,72,other,other,
1-4-7,73,washout,washout,
2-4-7,74,cluster,cluster,
1-2-4-7,75,washout,washout,Picket Fence
3-4-7,76,big_split,big_split+split,
1-3-4-7,77,washout,washout,
2-3-4-7,78,split,split,
1-2-3-4-7,79,washout,washout,
5-7,80,big_split,big_split+split,
1-5-7,81,washout,washout,
2-5-7,82,big_split,big_split+split,
1-2-5-7,83,washout,washout,
3-5-7,84,big_split,big_split+split,
1-3-5-7,85,washout,washout,
2-3-5-7,86,big_split,big_split+split,
1-2-3-5-7,87,washout,washout,
4-5-7,88,split,split,
1-4-5-7,89,washout,washout,
2-4-5-7,90,split,split,
1-2-4-5-7,91,washout,washout,
3-4-5-7,92,split,split,
1-3-4-5-7,93,washout,washout,
2-3-4-5-7,94,split,split,
1-2-3-4-5-7,95,washout,washout,
6-7,96,big_split,big_split+split,
1-6-7,97,washout,washout,
2-6-7,98,big_split,big_split+split,
1-2-6-7,99,washout,washout,
3-6-7,100,big_split,big_split+split,
1-3-6-7,101,washout,washout,
2-3-6-7,102,big_split,big_split+split,
1-2-3-6-7,103,washout,washout,
4-6-7,104,big_split,big_split+split,
1-4-6-7,105,washout,washout,
2-4-6-7,106,big_split,big_split+split,
1-2-4-6-7,107,washout,washout,
3-4-6-7,108,big_split,big_split+split,
1-3-4-6-7,109,washout,washout,
2-3-4-6-7,110,split,split,
1-2-3-4-6-7,111,washout,washout,
5-6-7,112,big_split,big_split+split,
1-5-6-7,113,washout,washout,
2-5-6-7,114,big_split,big_split+split,
1-2-5-6-7,115,washout,washout,
3-5-6-7,116,big_split,big_split+split,
1-3-5-6-7,117,washout,washout,
2-3-5-6-7,118,big_split,big_split+split,
1-2-3-5-6-7,119,washout,washout,
4-5-6-7,120,split,split,
1-4-5-6-7,121,washout,washout,
2-4-5-6-7,122,split,split,
1-2-4-5-6-7,123,washout,washout,
3-4-5-6-7,124,split,split,
1-3-4-5-6-7,125,washout,washout,
2-3-4-5-6-7,126,split,split,
1-2-3-4-5-6-7,127,washout,washout,
8,128,single_pin,single_pin,8 Pin
1-8,129,washout,washout,
2-8,130,sleeper,sleeper,Sleeper
1-2-8,131,washout,washout,
3-8,132,big_split,big_split+split,
1-3-8,133,washout,washout,
2-3-8,134,big_split,big_split+split,
1-2-3-8,135,washout,washout,
4-8,136,other,other,
1-4-8,137,washout,washout,
2-4-8,138,cluster,cluster,
1-2-4-8,139,washout,washout,
3-4-8,140,big_split,big_split+split,
1-3-4-8,141,washout,washout,
2-3-4-8,142,split,split,
1-2-3-4-8,143,washout,washout,
5-8,144,other,other,
1-5-8,145,washout,washout,
2-5-8,146,cluster,cluster,
1-2-5-8,147,washout,washout,
3-5-8,148,cluster,cluster,
1-3-5-8,149,washout,washout,
2-3-5-8,150,split,split,
1-2-3-5-8,151,washout,washout,
4-5-8,152,split,split,
1-4-5-8,153,washout,washout,
2-4-5-8,154,bucket,bucket,Bucket
1-2-4-5-8,155,washout,washout,
3-4-5-8,156,split,split,
1-3-4-5-8,157,washout,washout,
2-3-4-5-8,158,split,split,
1-2-3-4-5-8,159,washout,washout,
6-8,160,big_split,big_split+split,
1-6-8,161,washout,washout,
2-6-8,162,big_split,big_split+split,
1-2-6-8,163,washout,washout,
3-6-8,164,big_split,big_split+split,
1-3-6-8,165,washout,washout,
2-3-6-8,166,big_split,big_split+split,
1-2-3-6-8,167,washout,washout,
4-6-8,168,big_split,big_split+split,
1-4-6-8,169,washout,washout,
2-4-6-8,170,big_split,big_split+split,
1-2-4-6-8,171,washout,washout,
3-4-6-8,172,big_split,big_split+split,
1-3-4-6-8,173,washout,washout,
2-3-4-6-8,174,split,split,
1-2-3-4-6-8,175,washout,washout,
5-6-8,176,split,split,
1-5-6-8,177,washout,washout,
2-5-6-8,178,split,split,
1-2-5-6-8,179,washout,washout,
3-5-6-8,180,split,split,
1-3-5-6-8,181,washout,washout,
2-3-5-6-8,182,split,split,
1-2-3-5-6-8,183,washout,washout,
4-5-6-8,184,split,split,
1-4-5-6-8,185,washout,washout,
2-4-5-6-8,186,split,split,
1-2-4-5-6-8,187,washout,washout,
3-4-5-6-8,188,split,split,
1-3-4-5-6-8,189,washout,washout,
2-3-4-5-6-8,190,split,split,
1-2-3-4-5-6-8,191,washout,washout,
7-8,192,split,split,
1-7-8,193,washout,washout,
2-7-8,194,big_split,big_split+split,
1-2-7-8,195,washout,washout,
3-7-8,196,big_split,big_split+split,
1-3-7-8,197,washout,washout,
2-3-7-8,198,big_split,big_split+split,
1-2-3-7-8,199,washout,washout,
4-7-8,200,cluster,cluster,
1-4-7-8,201,washout,washout,
2-4-7-8,202,cluster,cluster,
1-2-4-7-8,203,washout,washout,
3-4-7-8,204,big_split,big_split+split,
1-3-4-7-8,205,washout,washout,
2-3-4-7-8,206,split,split,
1-2-3-4-7-8,207,washout,washout,
5-7-8,208,split,split,
1-5-7-8,209,washout,washout,
2-5-7-8,210,split,split,
1-2-5-7-8,211,washout,washout,
3-5-7-8,212,split,split,
1-3-5-7-8,213,washout,washout,
2-3-5-7-8,214,split,split,
1-2-3-5-7-8,215,washout,washout,
4-5-7-8,216,split,split,
1-4-5-7-8,217,washout,washout,
2-4-5-7-8,218,cluster,cluster,
1-2-4-5-7-8,219,washout,washout,
3-4-5-7-8,220,split,split,
1-3-4-5-7-8,221,washout,washout,
2-3-4-5-7-8,222,split,split,
1-2-3-4-5-7-8,223,washout,washout,
6-7-8,224,big_split,big_split+split,
1-6-7-8,225,washout,washout,
2-6-7-8,226,big_split,big_split+split,
1-2-6-7-8,227,washout,washout,
3-6-7-8,228,big_split,big_split+split,
1-3-6-7-8,229,washout,washout,
2-3-6-7-8,230,big_split,big_split+split,
1-2-3-6-7-8,231,washout,washout,
4-6-7-8,232,big_split,big_split+split,
1-4-6-7-8,233,washout,washout,
2-4-6-7-8,234,big_split,big_split+split,
1-2-4-6-7-8,235,washout,washout,
3-4-6-7-8,236,big_split,big_split+split,
1-3-4-6-7-8,237,washout,washout,
2-3-4-6-7-8,238,split,split,
1-2-3-4-6-7-8,239,washout,washout,
5-6-7-8,240,split,split,
1-5-6-7-8,241,washout,washout,
2-5-6-7-8,242,split,split,
1-2-5-6-7-8,243,washout,washout,
3-5-6-7-8,244,split,split,
1-3-5-6-7-8,245,washout,washout,
2-3-5-6-7-8,246,split,split,
1-2-3-5-6-7-8,247,washout,washout,
4-5-6-7-8,248,split,split,
1-4-5-6-7-8,249,washout,washout,
2-4-5-6-7-8,250,split,split,
1-2-4-5-6-7-8,251,washout,washout,
3-4-5-6-7-8,252,split,split,
1-3-4-5-6-7-8,253,washout,washout,
2-3-4-5-6-7-8,254,split,split,
1-2-3-4-5-6-7-8,255,washout,washout,
9,256,single_pin,single_pin,9 Pin
1-9,257,washout,washout,
2-9,258,big_split,big_split+split,
1-2-9,259,washout,washout,
3-9,260,sleeper,sleeper,Sleeper
1-3-9,261,washout,washout,
2-3-9,262,big_split,big_split+split,
1-2-3-9,263,washout,washout,
4-9,264,big_split,big_split+split,
1-4-9,265,washout,washout,
2-4-9,266,big_split,big_split+split,
1-2-4-9,267,washout,washout,
3-4-9,268,big_split,big_split+split,
1-3-4-9,269,washout,washout,
2-3-4-9,270,big_split,big_split+split,
1-2-3-4-9,271,washout,washout,
5-9,272,other,other,
1-5-9,273,washout,washout,
2-5-9,274,cluster,cluster,
1-2-5-9,275,washout,washout,
3-5-9,276,cluster,cluster,
1-3-5-9,277,washout,washout,
2-3-5-9,278,split,split,
1-2-3-5-9,279,washout,washout,
4-5-9,280,split,split,
1-4-5-9,281,washout,washout,
2-4-5-9,282,split,split,
1-2-4-5-9,283,washout,washout,
3-4-5-9,284,split,split,
1-3-4-5-9,285,washout,washout,
2-3-4-5-9,286,split,split,
1-2-3-4-5-9,287,washout,washout,
6-9,288,other,other,
1-6-9,289,washout,washout,
2-6-9,290,big_split,big_split+split,
1-2-6-9,291,washout,washout,
3-6-9,292,cluster,cluster,
1-3-6-9,293,washout,washout,
2-3-6-9,294,split,split,
1-2-3-6-9,295,washout,washout,
4-6-9,296,big_split,big_split+split,
1-4-6-9,297,washout,washout,
2-4-6-9,298,big_split,big_split+split,
1-2-4-6-9,299,washout,washout,
3-4-6-9,300,big_split,big_split+split,
1-3-4-6-9,301,washout,washout,
2-3-4-6-9,302,split,split,
1-2-3-4-6-9,303,washout,washout,
5-6-9,304,split,split,
1-5-6-9,305,washout,washout,
2-5-6-9,306,split,split,
1-2-5-6-9,307,washout,washout,
3-5-6-9,308,bucket,bucket,Bucket
1-3-5-6-9,309,washout,washout,
2-3-5-6-9,310,split,split,
1-2-3-5-6-9,311,washout,washout,
4-5-6-9,312,split,split,
1-4-5-6-9,313,washout,washout,
2-4-5-6-9,314,split,split,
1-2-4-5-6-9,315,washout,washout,
3-4-5-6-9,316,split,split,
1-3-4-5-6-9,317,washout,washout,
2-3-4-5-6-9,318,split,split,
1-2-3-4-5-6-9,319,washout,washout,
7-9,320,big_split,big_split+split,
1-7-9,321,washout,washout,
2-7-9,322,big_split,big_split+split,
1-2-7-9,323,washout,washout,
3-7-9,324,big_split,big_split+split,
1-3-7-9,325,washout,washout,
2-3-7-9,326,big_split,big_split+split,
1-2-3-7-9,327,washout,washout,
4-7-9,328,big_split,big_split+split,
1-4-7-9,329,washout,washout,
2-4-7-9,330,big_split,big_split+split,
1-2-4-7-9,331,washout,washout,
3-4-7-9,332,big_split,big_split+split,
1-3-4-7-9,333,washout,washout,
2-3-4-7-9,334,big_split,big_split+split,
1-2-3-4-7-9,335,washout,washout,
5-7-9,336,big_split,big_split+split,
1-5-7-9,337,washout,washout,
2-5-7-9,338,big_split,big_split+split,
1-2-5-7-9,339,washout,washout,
3-5-7-9,340,big_split,big_split+split,
1-3-5-7-9,341,washout,washout,
2-3-5-7-9,342,big_split,big_split+split,
1-2-3-5-7-9,343,washout,washout,
4-5-7-9,344,split,split,
1-4-5-7-9,345,washout,washout,
2-4-5-7-9,346,split,split,
1-2-4-5-7-9,347,washout,washout,
3-4-5-7-9,348,split,split,
1-3-4-5-7-9,349,washout,washout,
2-3-4-5-7-9,350,split,split,
1-2-3-4-5-7-9,351,washout,washout,
6-7-9,352,big_split,big_split+split,
1-6-7-9,353,washout,washout,
2-6-7-9,354,big_split,big_split+split,
1-2-6-7-9,355,washout,washout,
3-6-7-9,356,big_split,big_split+split,
1-3-6-7-9,357,washout,washout,
2-3-6-7-9,358,big_split,big_split+split,
1-2-3-6-7-9,359,washout,washout,
4-6-7-9,360,big_split,big_split+split,
1-4-6-7-9,361,washout,washout,
2-4-6-7-9,362,big_split,big_split+split,
1-2-4-6-7-9,363,washout,washout,
3-4-6-7-9,364,big_split,big_split+split,
1-3-4-6-7-9,365,washout,washout,
2-3-4-6-7-9,366,split,split,
1-2-3-4-6-7-9,367,washout,washout,
5-6-7-9,368,big_split,big_split+split,
1-5-6-7-9,369,washout,washout,
2-5-6-7-9,370,big_split,big_split+split,
1-2-5-6-7-9,371,washout,washout,
3-5-6-7-9,372,big_split,big_split+split,
1-3-5-6-7-9,373,washout,washout,
2-3-5-6-7-9,374,big_split,big_split+split,
1-2-3-5-6-7-9,375,washout,washout,
4-5-6-7-9,376,split,split,
1-4-5-6-7-9,377,washout,washout,
2-4-5-6-7-9,378,split,split,
1-2-4-5-6-7-9,379,washout,washout,
3-4-5-6-7-9,380,split,split,
1-3-4-5-6-7-9,381,washout,washout,
2-3-4-5-6-7-9,382,split,split,
1-2-3-4-5-6-7-9,383,washout,washout,
8-9,384,split,split,
1-8-9,385,washout,washout,
2-8-9,386,big_split,big_split+split,
1-2-8-9,387,washout,washout,
3-8-9,388,big_split,big_split+split,
1-3-8-9,389,washout,washout,
2-3-8-9,390,big_split,big_split+split,
1-2-3-8-9,391,washout,washout,
4-8-9,392,split,split,
1-4-8-9,393,washout,washout,
2-4-8-9,394,split,split,
1-2-4-8-9,395,washout,washout,
3-4-8-9,396,big_split,big_split+split,
1-3-4-8-9,397,washout,washout,
2-3-4-8-9,398,split,split,
1-2-3-4-8-9,399,washout,washout,
5-8-9,400,cluster,cluster,
1-5-8-9,401,washout,washout,
2-5-8-9,402,cluster,cluster,
1-2-5-8-9,403,washout,washout,
3-5-8-9,404,cluster,cluster,
1-3-5-8-9,405,washout,washout,
2-3-5-8-9,406,split,split,
1-2-3-5-8-9,407,washout,washout,
4-5-8-9,408,split,split,
1-4-5-8-9,409,washout,washout,
2-4-5-8-9,410,cluster,cluster,
1-2-4-5-8-9,411,washout,washout,
3-4-5-8-9,412,split,split,
1-3-4-5-8-9,413,washout,washout,
2-3-4-5-8-9,414,split,split,
1-2-3-4-5-8-9,415,washout,washout,
6-8-9,416,split,split,
1-6-8-9,417,washout,washout,
2-6-8-9,418,big_split,big_split+split,
1-2-6-8-9,419,washout,washout,
3-6-8-9,420,split,split,
1-3-6-8-9,421,washout,washout,
2-3-6-8-9,422,split,split,
1-2-3-6-8-9,423,washout,washout,
4-6-8-9,424,split,split,
1-4-6-8-9,425,washout,washout,
2-4-6-8-9,426,split,split,
1-2-4-6-8-9,427,washout,washout,
3-4-6-8-9,428,split,split,
1-3-4-6-8-9,429,washout,washout,
2-3-4-6-8-9,430,split,split,
1-2-3-4-6-8-9,431,washout,washout,
5-6-8-9,432,split,split,
1-5-6-8-9,433,washout,washout,
2-5-6-8-9,434,split,split,
1-2-5-6-8-9,435,washout,washout,
3-5-6-8-9,436,cluster,cluster,
1-3-5-6-8-9,437,washout,washout,
2-3-5-6-8-9,438,split,split,
1-2-3-5-6-8-9,439,washout,washout,
4-5-6-8-9,440,split,split,
1-4-5-6-8-9,441,washout,washout,
2-4-5-6-8-9,442,split,split,
1-2-4-5-6-8-9,443,washout,washout,
3-4-5-6-8-9,444,split,split,
1-3-4-5-6-8-9,445,washout,washout,
2-3-4-5-6-8-9,446,split,split,
1-2-3-4-5-6-8-9,447,washout,washout,
7-8-9,448,split,split,
1-7-8-9,449,washout,washout,
2-7-8-9,450,big_split,big_split+split,
1-2-7-8-9,451,washout,washout,
3-7-8-9,452,big_split,big_split+split,
1-3-7-8-9,453,washout,washout,
2-3-7-8-9,454,big_split,big_split+split,
1-2-3-7-8-9,455,washout,washout,
4-7-8-9,456,split,split,
1-4-7-8-9,457,washout,washout,
2-4-7-8-9,458,split,split,
1-2-4-7-8-9,459,washout,washout,
3-4-7-8-9,460,big_split,big_split+split,
1-3-4-7-8-9,461,washout,washout,
2-3-4-7-8-9,462,split,split,
1-2-3-4-7-8-9,463,washout,washout,
5-7-8-9,464,split,split,
1-5-7-8-9,465,washout,washout,
2-5-7-8-9,466,split,split,
1-2-5-7-8-9,467,washout,washout,
3-5-7-8-9,468,split,split,
1-3-5-7-8-9,469,washout,washout,
2-3-5-7-8-9,470,split,split,
1-2-3-5-7-8-9,471,washout,washout,
4-5-7-8-9,472,split,split,
1-4-5-7-8-9,473,washout,washout,
2-4-5-7-8-9,474,cluster,cluster,
1-2-4-5-7-8-9,475,washout,washout,
3-4-5-7-8-9,476,split,split,
1-3-4-5-7-8-9,477,washout,washout,
2-3-4-5-7-8-9,478,split,split,
1-2-3-4-5-7-8-9,479,washout,washout,
6-7-8-9,480,split,split,
1-6-7-8-9,481,washout,washout,
2-6-7-8-9,482,big_split,big_split+split,
1-2-6-7-8-9,483,washout,washout,
3-6-7-8-9,484,split,split,
1-3-6-7-8-9,485,washout,washout,
2-3-6-7-8-9,486,split,split,
1-2-3-6-7-8-9,487,washout,washout,
4-6-7-8-9,488,split,split,
1-4-6-7-8-9,489,washout,washout,
2-4-6-7-8-9,490,split,split,
1-2-4-6-7-8-9,491,washout,washout,
3-4-6-7-8-9,492,split,split,
1-3-4-6-7-8-9,493,washout,washout,
2-3-4-6-7-8-9,494,split,split,
1-2-3-4-6-7-8-9,495,washout,washout,
5-6-7-8-9,496,split,split,
1-5-6-7-8-9,497,washout,washout,
2-5-6-7-8-9,498,split,split,
1-2-5-6-7-8-9,499,washout,washout,
3-5-6-7-8-9,500,split,split,
1-3-5-6-7-8-9,501,washout,washout,
2-3-5-6-7-8-9,502,split,split,
1-2-3-5-6-7-8-9,503,washout,washout,
4-5-6-7-8-9,504,split,split,
1-4-5-6-7-8-9,505,washout,washout,
2-4-5-6-7-8-9,506,split,split,
1-2-4-5-6-7-8-9,507,washout,washout,
3-4-5-6-7-8-9,508,split,split,
1-3-4-5-6-7-8-9,509,washout,washout,
2-3-4-5-6-7-8-9,510,split,split,
1-2-3-4-5-6-7-8-9,511,washout,washout,
10,512,corner_pin,corner_pin+single_pin,10 Pin
1-10,513,washout,washout,
2-10,514,big_split,big_split+split,
1-2-10,515,washout,washout,
3-10,516,baby_split,baby_split+split,Baby Split
1-3-10,517,washout,washout,
2-3-10,518,big_split,big_split+split,
1-2-3-10,519,washout,washout,
4-10,520,big_split,big_split+split,
1-4-10,521,washout,washout,
2-4-10,522,big_split,big_split+split,
1-2-4-10,523,washout,washout,
3-4-10,524,big_split,big_split+split,
1-3-4-10,525,washout,washout,
2-3-4-10,526,big_split,big_split+split,
1-2-3-4-10,527,washout,washout,
5-10,528,big_split,big_split+split,Woolworth
1-5-10,529,washout,washout,
2-5-10,530,big_split,big_split+split,
1-2-5-10,531,washout,washout,
3-5-10,532,big_split,big_split+split,
1-3-5-10,533,washout,washout,
2-3-5-10,534,big_split,big_split+split,
1-2-3-5-10,535,washout,washout,
4-5-10,536,big_split,big_split+split,
1-4-5-10,537,washout,washout,
2-4-5-10,538,big_split,big_split+split,
1-2-4-5-10,539,washout,washout,
3-4-5-10,540,big_split,big_split+split,
1-3-4-5-10,541,washout,washout,
2-3-4-5-10,542,big_split,big_split+split,
1-2-3-4-5-10,543,washout,washout,
6-10,544,other,other,
1-6-10,545,washout,washout,
2-6-10,546,big_split,big_split+split,
1-2-6-10,547,washout,washout,
3-6-10,548,cluster,cluster,
1-3-6-10,549,washout,washout,Picket Fence
2-3-6-10,550,split,split,
1-2-3-6-10,551,washout,washout,
4-6-10,552,big_split,big_split+split,
1-4-6-10,553,washout,washout,
2-4-6-10,554,big_split,big_split+split,
1-2-4-6-10,555,washout,washout,
3-4-6-10,556,big_split,big_split+split,
1-3-4-6-10,557,washout,washout,
2-3-4-6-10,558,split,split,
1-2-3-4-6-10,559,washout,washout,
5-6-10,560,split,split,
1-5-6-10,561,washout,washout,
2-5-6-10,562,split,split,
1-2-5-6-10,563,washout,washout,
3-5-6-10,564,split,split,
1-3-5-6-10,565,washout,washout,
2-3-5-6-10,566,split,split,
1-2-3-5-6-10,567,washout,washout,
4-5-6-10,568,split,split,
1-4-5-6-10,569,washout,washout,
2-4-5-6-10,570,split,split,
1-2-4-5-6-10,571,washout,washout,
3-4-5-6-10,572,split,split,
1-3-4-5-6-10,573,washout,washout,
2-3-4-5-6-10,574,split,split,
1-2-3-4-5-6-10,575,washout,washout,
7-10,576,seven_ten,seven_ten+big_split+split,7-10
1-7-10,577,washout,washout,
2-7-10,578,big_split,big_split+split,
1-2-7-10,579,washout,washout,
3-7-10,580,big_split,big_split+split,
1-3-7-10,581,washout,washout,
2-3-7-10,582,big_split,big_split+split,
1-2-3-7-10,583,washout,washout,
4-7-10,584,big_split,big_split+split,
1-4-7-10,585,washout,washout,
2-4-7-10,586,big_split,big_split+split,
1-2-4-7-10,587,washout,washout,
3-4-7-10,588,big_split,big_split+split,
1-3-4-7-10,589,washout,washout,
2-3-4-7-10,590,big_split,big_split+split,
1-2-3-4-7-10,591,washout,washout,
5-7-10,592,big_split,big_split+split,Sour Apple
1-5-7-10,593,washout,washout,
2-5-7-10,594,big_split,big_split+split,
1-2-5-7-10,595,washout,washout,
3-5-7-10,596,big_split,big_split+split,
1-3-5-7-10,597,washout,washout,
2-3-5-7-10,598,big_split,big_split+split,
1-2-3-5-7-10,599,washout,washout,
4-5-7-10,600,big_split,big_split+split,
1-4-5-7-10,601,washout,washout,
2-4-5-7-10,602,big_split,big_split+split,
1-2-4-5-7-10,603,washout,washout,
3-4-5-7-10,604,big_split,big_split+split,
1-3-4-5-7-10,605,washout,washout,
2-3-4-5-7-10,606,big_split,big_split+split,
1-2-3-4-5-7-10,607,washout,washout,
6-7-10,608,big_split,big_split+split,
1-6-7-10,609,washout,washout,
2-6-7-10,610,big_split,big_split+split,
1-2-6-7-10,611,washout,washout,
3-6-7-10,612,big_split,big_split+split,
1-3-6-7-10,613,washout,washout,
2-3-6-7-10,614,big_split,big_split+split,
1-2-3-6-7-10,615,washout,washout,
4-6-7-10,616,big_four,big_four+big_split+split,Big Four
1-4-6-7-10,617,washout,washout,
2-4-6-7-10,618,big_split,big_split+split,
1-2-4-6-7-10,619,washout,washout,
3-4-6-7-10,620,big_split,big_split+split,
1-3-4-6-7-10,621,washout,washout,
2-3-4-6-7-10,622,split,split,
1-2-3-4-6-7-10,623,washout,washout,
5-6-7-10,624,big_split,big_split+split,
1-5-6-7-10,625,washout,washout,
2-5-6-7-10,626,big_split,big_split+split,
1-2-5-6-7-10,627,washout,washout,
3-5-6-7-10,628,big_split,big_split+split,
1-3-5-6-7-10,629,washout,washout,
2-3-5-6-7-10,630,big_split,big_split+split,
1-2-3-5-6-7-10,631,washout,washout,
4-5-6-7-10,632,split,split,
1-4-5-6-7-10,633,washout,washout,
2-4-5-6-7-10,634,split,split,
1-2-4-5-6-7-10,635,washout,washout,
3-4-5-6-7-10,636,split,split,
1-3-4-5-6-7-10,637,washout,washout,
2-3-4-5-6-7-10,638,split,split,
1-2-3-4-5-6-7-10,639,washout,washout,
8-10,640,big_split,big_split+split,
1-8-10,641,washout,washout,
2-8-10,642,big_split,big_split+split,
1-2-8-10,643,washout,washout,
3-8-10,644,big_split,big_split+split,
1-3-8-10,645,washout,washout,
2-3-8-10,646,big_split,big_split+split,
1-2-3-8-10,647,washout,washout,
4-8-10,648,big_split,big_split+split,
1-4-8-10,649,washout,washout,
2-4-8-10,650,big_split,big_split+split,
1-2-4-8-10,651,washout,washout,
3-4-8-10,652,big_split,big_split+split,
1-3-4-8-10,653,washout,washout,
2-3-4-8-10,654,big_split,big_split+split,
1-2-3-4-8-10,655,washout,washout,
5-8-10,656,big_split,big_split+split,
1-5-8-10,657,washout,washout,
2-5-8-10,658,big_split,big_split+split,
1-2-5-8-10,659,washout,washout,
3-5-8-10,660,big_split,big_split+split,
1-3-5-8-10,661,washout,washout,
2-3-5-8-10,662,big_split,big_split+split,
1-2-3-5-8-10,663,washout,washout,
4-5-8-10,664,big_split,big_split+split,
1-4-5-8-10,665,washout,washout,
2-4-5-8-10,666,big_split,big_split+split,
1-2-4-5-8-10,667,washout,washout,
3-4-5-8-10,668,big_split,big_split+split,
1-3-4-5-8-10,669,washout,washout,
2-3-4-5-8-10,670,big_split,big_split+split,
1-2-3-4-5-8-10,671,washout,washout,
6-8-10,672,big_split,big_split+split,
1-6-8-10,673,washout,washout,
2-6-8-10,674,big_split,big_split+split,
1-2-6-8-10,675,washout,washout,
3-6-8-10,676,big_split,big_split+split,
1-3-6-8-10,677,washout,washout,
2-3-6-8-10,678,big_split,big_split+split,
1-2-3-6-8-10,679,washout,washout,
4-6-8-10,680,big_split,big_split+split,
1-4-6-8-10,681,washout,washout,
2-4-6-8-10,682,big_split,big_split+split,
1-2-4-6-8-10,683,washout,washout,
3-4-6-8-10,684,big_split,big_split+split,
1-3-4-6-8-10,685,washout,washout,
2-3-4-6-8-10,686,split,split,
1-2-3-4-6-8-10,687,washout,washout,
5-6-8-10,688,split,split,
1-5-6-8-10,689,washout,washout,
2-5-6-8-10,690,split,split,
1-2-5-6-8-10,691,washout,washout,
3-5-6-8-10,692,split,split,
1-3-5-6-8-10,693,washout,washout,
2-3-5-6-8-10,694,split,split,
1-2-3-5-6-8-10,695,washout,washout,
4-5-6-8-10,696,split,split,
1-4-5-6-8-10,697,washout,washout,
2-4-5-6-8-10,698,split,split,
1-2-4-5-6-8-10,699,washout,washout,
3-4-5-6-8-10,700,split,split,
1-3-4-5-6-8-10,701,washout,washout,
2-3-4-5-6-8-10,702,split,split,
1-2-3-4-5-6-8-10,703,washout,washout,
7-8-10,704,big_split,big_split+split,
1-7-8-10,705,washout,washout,
2-7-8-10,706,big_split,big_split+split,
1-2-7-8-10,707,washout,washout,
3-7-8-10,708,big_split,big_split+split,
1-3-7-8-10,709,washout,washout,
2-3-7-8-10,710,big_split,big_split+split,
1-2-3-7-8-10,711,washout,washout,
4-7-8-10,712,big_split,big_split+split,
1-4-7-8-10,713,washout,washout,
2-4-7-8-10,714,big_split,big_split+split,
1-2-4-7-8-10,715,washout,washout,
3-4-7-8-10,716,big_split,big_split+split,
1-3-4-7-8-10,717,washout,washout,
2-3-4-7-8-10,718,big_split,big_split+split,
1-2-3-4-7-8-10,719,washout,washout,
5-7-8-10,720,big_split,big_split+split,
1-5-7-8-10,721,washout,washout,
2-5-7-8-10,722,big_split,big_split+split,
1-2-5-7-8-10,723,washout,washout,
3-5-7-8-10,724,big_split,big_split+split,
1-3-5-7-8-10,725,washout,washout,
2-3-5-7-8-10,726,big_split,big_split+split,
1-2-3-5-7-8-10,727,washout,washout,
4-5-7-8-10,728,big_split,big_split+split,
1-4-5-7-8-10,729,washout,washout,
2-4-5-7-8-10,730,big_split,big_split+split,
1-2-4-5-7-8-10,731,washout,washout,
3-4-5-7-8-10,732,big_split,big_split+split,
1-3-4-5-7-8-10,733,washout,washout,
2-3-4-5-7-8-10,734,big_split,big_split+split,
1-2-3-4-5-7-8-10,735,washout,washout,
6-7-8-10,736,big_split,big_split+split,
1-6-7-8-10,737,washout,washout,
2-6-7-8-10,738,big_split,big_split+split,
1-2-6-7-8-10,739,washout,washout,
3-6-7-8-10,740,big_split,big_split+split,
1-3-6-7-8-10,741,washout,washout,
2-3-6-7-8-10,742,big_split,big_split+split,
1-2-3-6-7-8-10,743,washout,washout,
4-6-7-8-10,744,big_split,big_split+split,Greek Church
1-4-6-7-8-10,745,washout,washout,
2-4-6-7-8-10,746,big_split,big_split+split,
1-2-4-6-7-8-10,747,washout,washout,
3-4-6-7-8-10,748,big_split,big_split+split,
1-3-4-6-7-8-10,749,washout,washout,
2-3-4-6-7-8-10,750,split,split,
1-2-3-4-6-7-8-10,751,washout,washout,
5-6-7-8-10,752,split,split,
1-5-6-7-8-10,753,washout,washout,
2-5-6-7-8-10,754,split,split,
1-2-5-6-7-8-10,755,washout,washout,
3-5-6-7-8-10,756,split,split,
1-3-5-6-7-8-10,757,washout,washout,
2-3-5-6-7-8-10,758,split,split,
1-2-3-5-6-7-8-10,759,washout,washout,
4-5-6-7-8-10,760,split,split,
1-4-5-6-7-8-10,761,washout,washout,
2-4-5-6-7-8-10,762,split,split,
1-2-4-5-6-7-8-10,763,washout,washout,
3-4-5-6-7-8-10,764,split,split,
1-3-4-5-6-7-8-10,765,washout,washout,
2-3-4-5-6-7-8-10,766,split,split,
1-2-3-4-5-6-7-8-10,767,washout,washout,
9-10,768,split,split,
1-9-10,769,washout,washout,
2-9-10,770,big_split,big_split+split,
1-2-9-10,771,washout,washout,
3-9-10,772,big_split,big_split+split,
1-3-9-10,773,washout,washout,
2-3-9-10,774,big_split,big_split+split,
1-2-3-9-10,775,washout,washout,
4-9-10,776,big_split,big_split+split,
1-4-9-10,777,washout,washout,
2-4-9-10,778,big_split,big_split+split,
1-2-4-9-10,779,washout,washout,
3-4-9-10,780,big_split,big_split+split,
1-3-4-9-10,781,washout,washout,
2-3-4-9-10,782,big_split,big_split+split,
1-2-3-4-9-10,783,washout,washout,
5-9-10,784,split,split,
1-5-9-10,785,washout,washout,
2-5-9-10,786,split,split,
1-2-5-9-10,787,washout,washout,
3-5-9-10,788,split,split,
1-3-5-9-10,789,washout,washout,
2-3-5-9-10,790,split,split,
1-2-3-5-9-10,791,washout,washout,
4-5-9-10,792,split,split,
1-4-5-9-10,793,washout,washout,
2-4-5-9-10,794,split,split,
1-2-4-5-9-10,795,washout,washout,
3-4-5-9-10,796,split,split,
1-3-4-5-9-10,797,washout,washout,
2-3-4-5-9-10,798,split,split,
1-2-3-4-5-9-10,799,washout,washout,
6-9-10,800,cluster,cluster,
1-6-9-10,801,washout,washout,
2-6-9-10,802,big_split,big_split+split,
1-2-6-9-10,803,washout,washout,
3-6-9-10,804,cluster,cluster,
1-3-6-9-10,805,washout,washout,
2-3-6-9-10,806,split,split,
1-2-3-6-9-10,807,washout,washout,
4-6-9-10,808,big_split,big_split+split,
1-4-6-9-10,809,washout,washout,
2-4-6-9-10,810,big_split,big_split+split,
1-2-4-6-9-10,811,washout,washout,
3-4-6-9-10,812,big_split,big_split+split,
1-3-4-6-9-10,813,washout,washout,
2-3-4-6-9-10,814,split,split,
1-2-3-4-6-9-10,815,washout,washout,
5-6-9-10,816,split,split,
1-5-6-9-10,817,washout,washout,
2-5-6-9-10,818,split,split,
1-2-5-6-9-10,819,washout,washout,
3-5-6-9-10,820,cluster,cluster,
1-3-5-6-9-10,821,washout,washout,
2-3-5-6-9-10,822,split,split,
1-2-3-5-6-9-10,823,washout,washout,
4-5-6-9-10,824,split,split,
1-4-5-6-9-10,825,washout,washout,
2-4-5-6-9-10,826,split,split,
1-2-4-5-6-9-10,827,washout,washout,
3-4-5-6-9-10,828,split,split,
1-3-4-5-6-9-10,829,washout,washout,
2-3-4-5-6-9-10,830,split,split,
1-2-3-4-5-6-9-10,831,washout,washout,
7-9-10,832,big_split,big_split+split,
1-7-9-10,833,washout,washout,
2-7-9-10,834,big_split,big_split+split,
1-2-7-9-10,835,washout,washout,
3-7-9-10,836,big_split,big_split+split,
1-3-7-9-10,837,washout,washout,
2-3-7-9-10,838,big_split,big_split+split,
1-2-3-7-9-10,839,washout,washout,
4-7-9-10,840,big_split,big_split+split,
1-4-7-9-10,841,washout,washout,
2-4-7-9-10,842,big_split,big_split+split,
1-2-4-7-9-10,843,washout,washout,
3-4-7-9-10,844,big_split,big_split+split,
1-3-4-7-9-10,845,washout,washout,
2-3-4-7-9-10,846,big_split,big_split+split,
1-2-3-4-7-9-10,847,washout,washout,
5-7-9-10,848,big_split,big_split+split,
1-5-7-9-10,849,washout,washout,
2-5-7-9-10,850,big_split,big_split+split,
1-2-5-7-9-10,851,washout,washout,
3-5-7-9-10,852,big_split,big_split+split,
1-3-5-7-9-10,853,washout,washout,
2-3-5-7-9-10,854,big_split,big_split+split,
1-2-3-5-7-9-10,855,washout,washout,
4-5-7-9-10,856,split,split,
1-4-5-7-9-10,857,washout,washout,
2-4-5-7-9-10,858,split,split,
1-2-4-5-7-9-10,859,washout,washout,
3-4-5-7-9-10,860,split,split,
1-3-4-5-7-9-10,861,washout,washout,
2-3-4-5-7-9-10,862,split,split,
1-2-3-4-5-7-9-10,863,washout,washout,
6-7-9-10,864,big_split,big_split+split,
1-6-7-9-10,865,washout,washout,
2-6-7-9-10,866,big_split,big_split+split,
1-2-6-7-9-10,867,washout,washout,
3-6-7-9-10,868,big_split,big_split+split,
1-3-6-7-9-10,869,washout,washout,
2-3-6-7-9-10,870,big_split,big_split+split,
1-2-3-6-7-9-10,871,washout,washout,
4-6-7-9-10,872,big_split,big_split+split,Greek Church
1-4-6-7-9-10,873,washout,washout,
2-4-6-7-9-10,874,big_split,big_split+split,
1-2-4-6-7-9-10,875,washout,washout,
3-4-6-7-9-10,876,big_split,big_split+split,
1-3-4-6-7-9-10,877,washout,washout,
2-3-4-6-7-9-10,878,split,split,
1-2-3-4-6-7-9-10,879,washout,washout,
5-6-7-9-10,880,big_split,big_split+split,
1-5-6-7-9-10,881,washout,washout,
2-5-6-7-9-10,882,big_split,big_split+split,
1-2-5-6-7-9-10,883,washout,washout,
3-5-6-7-9-10,884,big_split,big_split+split,
1-3-5-6-7-9-10,885,washout,washout,
2-3-5-6-7-9-10,886,big_split,big_split+split,
1-2-3-5-6-7-9-10,887,washout,washout,
4-5-6-7-9-10,888,split,split,
1-4-5-6-7-9-10,889,washout,washout,
2-4-5-6-7-9-10,890,split,split,
1-2-4-5-6-7-9-10,891,washout,washout,
3-4-5-6-7-9-10,892,split,split,
1-3-4-5-6-7-9-10,893,washout,washout,
2-3-4-5-6-7-9-10,894,split,split,
1-2-3-4-5-6-7-9-10,895,washout,washout,
8-9-10,896,split,split,
1-8-9-10,897,washout,washout,
2-8-9-10,898,big_split,big_split+split,
1-2-8-9-10,899,washout,washout,
3-8-9-10,900,big_split,big_split+split,
1-3-8-9-10,901,washout,washout,
2-3-8-9-10,902,big_split,big_split+split,
1-2-3-8-9-10,903,washout,washout,
4-8-9-10,904,split,split,
1-4-8-9-10,905,washout,washout,
2-4-8-9-10,906,split,split,
1-2-4-8-9-10,907,washout,washout,
3-4-8-9-10,908,big_split,big_split+split,
1-3-4-8-9-10,909,washout,washout,
2-3-4-8-9-10,910,split,split,
1-2-3-4-8-9-10,911,washout,washout,
5-8-9-10,912,split,split,
1-5-8-9-10,913,washout,washout,
2-5-8-9-10,914,split,split,
1-2-5-8-9-10,915,washout,washout,
3-5-8-9-10,916,split,split,
1-3-5-8-9-10,917,washout,washout,
2-3-5-8-9-10,918,split,split,
1-2-3-5-8-9-10,919,washout,washout,
4-5-8-9-10,920,split,split,
1-4-5-8-9-10,921,washout,washout,
2-4-5-8-9-10,922,split,split,
1-2-4-5-8-9-10,923,washout,washout,
3-4-5-8-9-10,924,split,split,
1-3-4-5-8-9-10,925,washout,washout,
2-3-4-5-8-9-10,926,split,split,
1-2-3-4-5-8-9-10,927,washout,washout,
6-8-9-10,928,split,split,
1-6-8-9-10,929,washout,washout,
2-6-8-9-10,930,big_split,big_split+split,
1-2-6-8-9-10,931,washout,washout,
3-6-8-9-10,932,split,split,
1-3-6-8-9-10,933,washout,washout,
2-3-6-8-9-10,934,split,split,
1-2-3-6-8-9-10,935,washout,washout,
4-6-8-9-10,936,split,split,
1-4-6-8-9-10,937,washout,washout,
2-4-6-8-9-10,938,split,split,
1-2-4-6-8-9-10,939,washout,washout,
3-4-6-8-9-10,940,split,split,
1-3-4-6-8-9-10,941,washout,washout,
2-3-4-6-8-9-10,942,split,split,
1-2-3-4-6-8-9-10,943,washout,washout,
5-6-8-9-10,944,split,split,
1-5-6-8-9-10,945,washout,washout,
2-5-6-8-9-10,946,split,split,
1-2-5-6-8-9-10,947,washout,washout,
3-5-6-8-9-10,948,cluster,cluster,
1-3-5-6-8-9-10,949,washout,washout,
2-3-5-6-8-9-10,950,split,split,
1-2-3-5-6-8-9-10,951,washout,washout,
4-5-6-8-9-10,952,split,split,
1-4-5-6-8-9-10,953,washout,washout,
2-4-5-6-8-9-10,954,split,split,
1-2-4-5-6-8-9-10,955,washout,washout,
3-4-5-6-8-9-10,956,split,split,
1-3-4-5-6-8-9-10,957,washout,washout,
2-3-4-5-6-8-9-10,958,split,split,
1-2-3-4-5-6-8-9-10,959,washout,washout,
7-8-9-10,960,split,split,
1-7-8-9-10,961,washout,washout,
2-7-8-9-10,962,big_split,big_split+split,
1-2-7-8-9-10,963,washout,washout,
3-7-8-9-10,964,big_split,big_split+split,
1-3-7-8-9-10,965,washout,washout,
2-3-7-8-9-10,966,big_split,big_split+split,
1-2-3-7-8-9-10,967,washout,washout,
4-7-8-9-10,968,split,split,
1-4-7-8-9-10,969,washout,washout,
2-4-7-8-9-10,970,split,split,
1-2-4-7-8-9-10,971,washout,washout,
3-4-7-8-9-10,972,big_split,big_split+split,
1-3-4-7-8-9-10,973,washout,washout,
2-3-4-7-8-9-10,974,split,split,
1-2-3-4-7-8-9-10,975,washout,washout,
5-7-8-9-10,976,split,split,
1-5-7-8-9-10,977,washout,washout,
2-5-7-8-9-10,978,split,split,
1-2-5-7-8-9-10,979,washout,washout,
3-5-7-8-9-10,980,split,split,
1-3-5-7-8-9-10,981,washout,washout,
2-3-5-7-8-9-10,982,split,split,
1-2-3-5-7-8-9-10,983,washout,washout,
4-5-7-8-9-10,984,split,split,
1-4-5-7-8-9-10,985,washout,washout,
2-4-5-7-8-9-10,986,split,split,
1-2-4-5-7-8-9-10,987,washout,washout,
3-4-5-7-8-9-10,988,split,split,
1-3-4-5-7-8-9-10,989,washout,washout,
2-3-4-5-7-8-9-10,990,split,split,
1-2-3-4-5-7-8-9-10,991,washout,washout,
6-7-8-9-10,992,split,split,
1-6-7-8-9-10,993,washout,washout,
2-6-7-8-9-10,994,big_split,big_split+split,
1-2-6-7-8-9-10,995,washout,washout,
3-6-7-8-9-10,996,split,split,
1-3-6-7-8-9-10,997,washout,washout,
2-3-6-7-8-9-10,998,split,split,
1-2-3-6-7-8-9-10,999,washout,washout,
4-6-7-8-9-10,1000,split,split,
1-4-6-7-8-9-10,1001,washout,washout,
2-4-6-7-8-9-10,1002,split,split,
1-2-4-6-7-8-9-10,1003,washout,washout,
3-4-6-7-8-9-10,1004,split,split,
1-3-4-6-7-8-9-10,1005,washout,washout,
2-3-4-6-7-8-9-10,1006,split,split,
1-2-3-4-6-7-8-9-10,1007,washout,washout,
5-6-7-8-9-10,1008,split,split,
1-5-6-7-8-9-10,1009,washout,washout,
2-5-6-7-8-9-10,1010,split,split,
1-2-5-6-7-8-9-10,1011,washout,washout,
3-5-6-7-8-9-10,1012,split,split,
1-3-5-6-7-8-9-10,1013,washout,washout,
2-3-5-6-7-8-9-10,1014,split,split,
1-2-3-5-6-7-8-9-10,1015,washout,washout,
4-5-6-7-8-9-10,1016,split,split,
1-4-5-6-7-8-9-10,1017,washout,washout,
2-4-5-6-7-8-9-10,1018,split,split,
1-2-4-5-6-7-8-9-10,1019,washout,washout,
3-4-5-6-7-8-9-10,1020,split,split,
1-3-4-5-6-7-8-9-10,1021,washout,washout,
2-3-4-5-6-7-8-9-10,1022,split,split,
1-2-3-4-5-6-7-8-9-10,1023,washout,washout,
